TLK_ID,EMP_ID
37196,MPHILLI1
37196,VCOE2
37342,FPORTOC1
37342,JEJIOGU1
37342,KDEOL2
37342,MKILAVO1
37342,PYOUNG21
37342,SBHATT3
37342,SGAMERM1
37342,SMANICK4
37342,ZMENG9
37383,ABUTALA1
37383,KLOUGH2
37383,LHARPE13
37383,NHARRI50
37383,RCAMPB44
37383,RFELTON1
40146,BADAMS27
40146,CNALLEY2
40146,GSAMUEL3
40146,JWILL119
40146,KSHOCKL1
40146,LHARDIN6
40146,NVERMA6
40146,RPURSER1
40146,SBYRD2
40146,SRANDOL3
41841,ESTEPHE3
41841,TOLIVE17
42377,ADAVI172
42377,BCOE2
42377,DWEST32
85750,ADAVI172
85750,AWYE1
85750,BCOE2
85750,DWEST32
85750,MCHRIS31
85750,MHARVE21
85750,MMURRA64
85750,NMCCAR10
85750,NTAYLO16
85750,TLEWIS70
163943,LHENRY15
163943,TTRAILL1
165352,AMINHAS2
165352,APOSTEL1
165352,ASTREM1
165352,ATYLER26
165352,BROUTIE1
165352,CANACAY1
165352,CFRANZ5
165352,DCARRO18
165352,DCOLLI27
165352,ESAUER3
165352,JDOZIER5
165352,JMOSER9
165352,LGOULD6
165352,LHENRY15
165352,MBROCKI1
165352,MDUCHEL1
165352,MSALEM5
165352,STIRADO3
165352,TALLEN57
165352,TSCOTT53
165352,WCAIRNS2
167601,JDOZIER5
167601,TTRAILL1
235722,ALEE224
235722,APOSTEL1
235722,APREDEO1
235722,ASTREM1
235722,ATYLER26
235722,BROUTIE1
235722,CANACAY1
235722,CBURLEY3
235722,CFRANZ5
235722,CMCFAR13
235722,CNDUMEL2
235722,CRIDGLE2
235722,DCARRO18
235722,DCOLLI27
235722,DFUNGBO1
235722,DMOSES10
235722,DPARKS6
235722,DSTOCKT1
235722,ESAUER3
235722,FFITTS1
235722,HAZIZ2
235722,HMOSS2
235722,JBETTLE1
235722,JCHAMBE2
235722,JDOZIER5
235722,JGREE110
235722,JHEMPHI2
235722,JJOHN303
235722,JMOSER9
235722,JQUINN28
235722,JRICH102
235722,JSHROPS2
235722,JSMIT401
235722,KLEEWIS2
235722,KMURROW1
235722,KPRIGL1
235722,LFAJARD3
235722,LGOULD6
235722,LHENRY15
235722,LWILL243
235722,MBROCKI1
235722,MDUCHEL1
235722,MDYKES1
235722,MFOLTZ2
235722,MSALEM5
235722,NMARSHA6
235722,NMCCLUR2
235722,SDESHIE3
235722,SFINLEY7
235722,SSMIT346
235722,STIRADO3
235722,TALLEN57
235722,TBUCHA10
235722,TRANDAL6
235722,TSCOTT53
235722,TTISDAL3
235722,WCAIRNS2
237567,AGORDO41
237567,ANINO2
237567,APENARR1
237567,ASHAHID2
237567,ASTEPH28
237567,BROBIN51
237567,BTHORNT6
237567,CBAKER58
237567,CFAUNTL2
237567,CMCCORV3
237567,CNOBLEC1
237567,CPRADO1
237567,DASKEW1
237567,DSANTIA7
237567,DSTRATF1
237567,DYOUNG5
237567,EGARFIE2
237567,GMARASC1
237567,JCEBALL2
237567,JDARBY2
237567,JSIMMS15
237567,JSKOLNI1
237567,KCOON1
237567,LSMIT255
237567,LWHITEH6
237567,MKEARNE9
237567,NSLACK2
237567,NWHITTA1
237567,OJUTTIE1
237567,RSMIT233
237567,RWATTIE3
237567,SLEYS2
237567,THOLLID3
237567,TTORBIT1
237567,VKIM14
291814,AALEXA39
291814,ABISIRI1
291814,ABROWN44
291814,ACIRANN1
291814,ADELAUT2
291814,ADYER5
291814,AFORIO1
291814,AGADBOI2
291814,AGBOLUM1
291814,AGNON1
291814,AGOODM15
291814,AGWATHN1
291814,AHUSTON3
291814,AJARRET1
291814,AJONE259
291814,AKAUR15
291814,AKONDRA4
291814,ALETTIE1
291814,AMARINE5
291814,AMOMIN1
291814,ANELSO68
291814,AOLSZEW1
291814,ASINGH48
291814,ASMELSE2
291814,ASPRUIL1
291814,ATEMBO1
291814,AVERCOE2
291814,AWILL293
291814,AWILS154
291814,AWILS160
291814,AWILSO66
291814,BBOGENN1
291814,BDREW1
291814,BEDMOND8
291814,BGELTZ1
291814,BGRAHA16
291814,BHARDI12
291814,BHEILMA1
291814,BKIM39
291814,BLAHAI1
291814,BMARION2
291814,BONEIL4
291814,BSAMUEL3
291814,BSAVAGE6
291814,BTHOMA57
291814,BWASTAR1
291814,BWRIGH39
291814,CAVERY3
291814,CBERMAN6
291814,CBOSMAN1
291814,CCAMBON1
291814,CCARRIN7
291814,CCOBAU1
291814,CCRUZ21
291814,CDANBYC1
291814,CENEY1
291814,CFEREBE1
291814,CGRAHA35
291814,CHARRI74
291814,CHILLIS2
291814,CJIMENE3
291814,CLIAU1
291814,CLOPEZ29
291814,CMARCUS6
291814,CMCMORR1
291814,CNG27
291814,CNNORUO1
291814,CPALME29
291814,CPATEL30
291814,CSMIT319
291814,CTHOM145
291814,CWEBB19
291814,DBARBEE1
291814,DDADE1
291814,DDELUCC1
291814,DFEDORK1
291814,DHARDY19
291814,DILER2
291814,DLIGHTN3
291814,DNDAPE1
291814,DNELSO46
291814,DOLESKY1
291814,DOVERMI2
291814,DRAJAMA1
291814,DSCROGG4
291814,DTONEY4
291814,DTURNE30
291814,DVIYAR1
291814,EBOOTH4
291814,EFELEKE2
291814,EHAMMER4
291814,ELEE210
291814,ELONGEN2
291814,EOHEMEN1
291814,EOKEKE5
291814,EPERRY26
291814,EREID9
291814,ETOBISH1
291814,ETROWBR3
291814,EWHITFI2
291814,EWHYE2
291814,FDOUANL1
291814,FMORAL11
291814,FSALAZA1
291814,GBANOWE1
291814,GHANSEN9
291814,GLOPRES1
291814,GOKOCHA1
291814,GONYENZ1
291814,GRICHA30
291814,GSANCH11
291814,GSTANLE2
291814,GWINGET1
291814,HAGBOTS1
291814,HGACHUH1
291814,HHANSE12
291814,HREED7
291814,HWILDAS1
291814,HYI6
291814,IKHAVET1
291814,INANDOH1
291814,JALLEBA2
291814,JANDRAD2
291814,JBILENK2
291814,JBISHO30
291814,JBOWSER6
291814,JBURRIS7
291814,JCARAVE1
291814,JCLAEYS2
291814,JELARDO1
291814,JFOX50
291814,JGEROSO1
291814,JGOODEN2
291814,JHARR146
291814,JHEMBY1
291814,JKELLY85
291814,JLAPORT3
291814,JLEVY36
291814,JMAGDAL1
291814,JMISSAV1
291814,JNETTLE1
291814,JOSEMIA1
291814,JPATTO17
291814,JPHIFER3
291814,JSHELT10
291814,JSTANL27
291814,JTHREAT2
291814,JVASELI1
291814,JWARE7
291814,JWOURMA1
291814,KADAMS40
291814,KAKANDE2
291814,KBIZZEL1
291814,KBOLOND2
291814,KCLARK92
291814,KCORMIE2
291814,KFEGGIN1
291814,KJAGST1
291814,KJOHN324
291814,KJUNG15
291814,KKING69
291814,KKUTILE1
291814,KLEE265
291814,KMART113
291814,KMCCLUN1
291814,KMODICA1
291814,KRICHBU2
291814,KSCOTT58
291814,KSTOCKM1
291814,KTRENDE1
291814,KVANBOX1
291814,LCELIUS1
291814,LCHEN132
291814,LDAVI104
291814,LDUNLAP3
291814,LEZEKIE1
291814,LFERREI3
291814,LFORNEY2
291814,LGARCI41
291814,LGRAY30
291814,LHILL30
291814,LJAMES30
291814,LJOHN200
291814,LKLEIN14
291814,LLI137
291814,LMEROFF1
291814,LMORRI36
291814,LRICHA27
291814,LRIENDE1
291814,LTALLEY2
291814,LWINDIS1
291814,LYEARGI1
291814,LYOUNG34
291814,LYOUNG59
291814,MALEXME1
291814,MARRING2
291814,MBAKER25
291814,MBLAKE10
291814,MBLAKNE1
291814,MBRADSH9
291814,MBURGET1
291814,MBURKE47
291814,MBURKE48
291814,MBUTT5
291814,MCOLLI67
291814,MDARE1
291814,MDIEHL7
291814,MGONZA88
291814,MGRAHA41
291814,MHAASER1
291814,MHARR149
291814,MHARR168
291814,MHERRE19
291814,MHETTCH1
291814,MHINGPI1
291814,MJAMES2
291814,MJASINS2
291814,MJOHN335
291814,MJONE265
291814,MJORDA24
291814,MJOVES1
291814,MKHAN37
291814,MLITTL30
291814,MMCKENS1
291814,MMUAN1
291814,MNIGRO1
291814,MRAYOS1
291814,MSILVE29
291814,MTOWNS1
291814,MVITO3
291814,NAMOS5
291814,NCHENG11
291814,NMAROWS1
291814,NMARROW1
291814,NMINAHA1
291814,NMONTER2
291814,NOLIVA1
291814,NTALO1
291814,OEMERSO1
291814,OPOLK1
291814,PDEMEO2
291814,PHUFFMA5
291814,PJOHN106
291814,PZIMMER1
291814,RCARROT1
291814,RCLARK35
291814,RCURBEA2
291814,RDELROS5
291814,RFREE2
291814,RFRY5
291814,RGEHENI1
291814,RJOSHI11
291814,RKAFER1
291814,RKOREJK1
291814,ROBRIE17
291814,RRADOLF1
291814,RROYSTE3
291814,SANSARI1
291814,SBANKS23
291814,SBARNE49
291814,SBELL34
291814,SBROW266
291814,SCOOPE48
291814,SCOPELA4
291814,SCORN2
291814,SDIXONW1
291814,SFILIPP3
291814,SGALUSH2
291814,SGURUNG3
291814,SHAFTEL1
291814,SHARTRI1
291814,SHARVE14
291814,SHATCH12
291814,SHINES8
291814,SHUGHES8
291814,SJACK101
291814,SJAMES32
291814,SJARI2
291814,SJEFFE14
291814,SJENKI44
291814,SJONE273
291814,SMALLOY5
291814,SMART165
291814,SMCCORR1
291814,SMENJIV1
291814,SNGO5
291814,SNOELIE1
291814,SPATE197
291814,SPITTMA7
291814,SREINTJ3
291814,SSANDLE6
291814,SSERWAT1
291814,SSMIT265
291814,SSMIT378
291814,STHOM180
291814,SWHALEY7
291814,TBLACK8
291814,TBOWIE1
291814,TBROOK29
291814,TBURGER1
291814,TCLARK36
291814,TDEMISS1
291814,TEDWAR19
291814,TEVANS52
291814,TGLADDE5
291814,THAILU3
291814,THARR130
291814,THAYWAR1
291814,TJOHNS98
291814,TPEELS1
291814,TPERRY22
291814,TPINKET1
291814,TPOLLAR3
291814,TPOWEL38
291814,TREID21
291814,TREYNA1
291814,TRIDING1
291814,TSEFA1
291814,TSHORT2
291814,TSIMPKI1
291814,TWELCH15
291814,TWOOD18
291814,VFULTZ1
291814,VKIBIND1
291814,VMCKNIG4
291814,VNEWMAN3
291814,WWEBB10
291814,YDURAND1
291814,YMURRIL1
291814,YUTARAS1
291814,ZBURCH1
291814,ZTAYLOR6
348740,NTAYLO16
348740,TLEWIS70
414040,NTAYLO16
414040,TJONE193
426586,MJOHN147
426586,TETZEL1
481486,CMANLEY2
481486,SREYESQ1
483699,AALEGRI3
483699,AAPOSTO4
483699,ABARR5
483699,ABERKOW4
483699,ABIDDLE1
483699,ABLOW3
483699,ACAGIAO1
483699,ACALDE17
483699,ACALLAH6
483699,ACLAR103
483699,ACOSTAB1
483699,ADEHOYO1
483699,ADELONE1
483699,ADIX7
483699,ADRISCO4
483699,ADUROCH1
483699,AEBERHA8
483699,AECKART1
483699,AEDELMA3
483699,AEGBUNI1
483699,AFERGU25
483699,AGARCI69
483699,AGONZ103
483699,AHARTM22
483699,AHEATH10
483699,AHOGAN11
483699,AHUGGIN5
483699,AHUTCHE9
483699,ALEFDAL1
483699,ALOBO2
483699,AMARSH8
483699,AMART205
483699,AMCCALL8
483699,AMCDON28
483699,AMCVAY2
483699,AMILL130
483699,AMOOR127
483699,AMURPH25
483699,APARKS12
483699,APATE164
483699,APLAMON2
483699,APROUTY1
483699,AQUINN17
483699,ARIEHL1
483699,ARUSHST1
483699,ASERRA2
483699,ASOUKUP2
483699,ASTICKL5
483699,ATHOMP96
483699,AVELAZQ4
483699,AYANOK1
483699,BBARTHO3
483699,BBLACKM5
483699,BBOWEN13
483699,BDEAN7
483699,BDEVLIN2
483699,BFLETCH6
483699,BFUNNEL1
483699,BHARRI62
483699,BHAUGHA1
483699,BJONE144
483699,BLOCKE5
483699,BLUCENA1
483699,BMCCRAK1
483699,BMEDTAR1
483699,BMITCH43
483699,BROSATO1
483699,BSTASO1
483699,BTHOMP25
483699,BYOPP1
483699,CACHUKO1
483699,CALBERS2
483699,CALBREC2
483699,CBALLAR5
483699,CBARNET6
483699,CBLANCH5
483699,CBRONSO3
483699,CCAMBON1
483699,CCOLELL1
483699,CCONDON4
483699,CECKROA1
483699,CEDWAR49
483699,CENEY1
483699,CESPIN13
483699,CGARRY2
483699,CGRAYCH1
483699,CHALDEM1
483699,CHALL59
483699,CHUTCH10
483699,CJUST4
483699,CKEARNS2
483699,CKOWALS3
483699,CLARKIN6
483699,CLASSIT5
483699,CLEVEE1
483699,CMENNIE1
483699,CMOOR133
483699,CMOYER6
483699,CNASH7
483699,CNEIS1
483699,CPECK12
483699,CPENTEC1
483699,CPOE1
483699,CPOTTER5
483699,CRAYNOR2
483699,CREAVES1
483699,CREES5
483699,CREYES16
483699,CROBBIN9
483699,CSARGEN5
483699,CSHEDRI2
483699,CSIEMAS1
483699,CSPOCK1
483699,CSTETTL1
483699,CTALBOT6
483699,CTHOM145
483699,CVOLKO1
483699,CWALLNE2
483699,CWEBBER4
483699,CYOUNGE4
483699,DBIEDER2
483699,DCHERUB1
483699,DCHUA1
483699,DCIAMPA1
483699,DDABROW3
483699,DDANIE37
483699,DDELLAN1
483699,DFITZSI7
483699,DGILBE21
483699,DGRIES1
483699,DHORNE11
483699,DHUFFMA1
483699,DNASIB1
483699,DPAINTE2
483699,DSANTO15
483699,DSLATER9
483699,EADAMS46
483699,EANDER97
483699,EBISH1
483699,ECANNON5
483699,ECARLTO2
483699,ECOLACI1
483699,ECOOK27
483699,EDESTEF3
483699,EDINARD1
483699,EGALVEZ1
483699,EGILBE14
483699,EHARKIN2
483699,EHAUS1
483699,EJONES91
483699,EMADAIR1
483699,EMCGRAD1
483699,EMONNET1
483699,ENEAGLE1
483699,ENELSO31
483699,EPALAFO1
483699,EPERROT2
483699,ESHERME1
483699,ETORRE10
483699,EVANWIE1
483699,EWILL163
483699,EWOLFE8
483699,FJAGNE1
483699,FMURPHY6
483699,GCUMMIN1
483699,GGONZA36
483699,GMARCHI5
483699,GMOORE44
483699,GMUNOZG1
483699,GSANNUT1
483699,HBAKER18
483699,HBARRY3
483699,HBURNET1
483699,HCHO60
483699,HCOLEMA7
483699,HCOOK16
483699,HFRANKL5
483699,HFREILI2
483699,HGILLEN1
483699,HHENSHA1
483699,HKANE4
483699,HNGUYE95
483699,HSPENCE9
483699,HWEINSC1
483699,IALLEN6
483699,JALNABE1
483699,JBACA3
483699,JBARNHA7
483699,JBISHO29
483699,JBROW216
483699,JBUDELM2
483699,JBURRIS7
483699,JBUTLE64
483699,JCONNE19
483699,JDUBERS1
483699,JDUNBAR6
483699,JEAGLES3
483699,JEHRLIC5
483699,JFAMA2
483699,JHARVE30
483699,JHULET1
483699,JJOHN494
483699,JKITLAS2
483699,JKRIEGE2
483699,JLANCAS5
483699,JLOVICK1
483699,JMAGDAL1
483699,JMASON54
483699,JNIGHTW1
483699,JPADIL11
483699,JPATTO17
483699,JPATZWA1
483699,JPETTIN1
483699,JPUTNAM3
483699,JQURASH1
483699,JROBLES5
483699,JRUBIN21
483699,JSIMMS16
483699,JSTALLI5
483699,KBECKIN1
483699,KBERNOS1
483699,KBOWER17
483699,KBROW133
483699,KBURCH3
483699,KBURKE48
483699,KCOLE26
483699,KCOLLI62
483699,KCONLEY8
483699,KDAVI148
483699,KDESAI17
483699,KFRAGOS1
483699,KGARDN13
483699,KGARY3
483699,KGREENW1
483699,KHEIL5
483699,KHEWITT3
483699,KIRIART1
483699,KJORDA20
483699,KKOKOSZ1
483699,KLAUX2
483699,KLEWIS87
483699,KLOVELE1
483699,KMCGRAW6
483699,KNOCAR2
483699,KPAYNE14
483699,KPOSTLE1
483699,KPURCEL6
483699,KRANSOM4
483699,KSACKER1
483699,KSAUER5
483699,KSCHLAG1
483699,KSLAGLE1
483699,KSULLI73
483699,KTAYL116
483699,KTHOMP75
483699,KVALEN12
483699,KWALKE58
483699,KWILMOT3
483699,LBROOK27
483699,LDELKER1
483699,LFLEISC4
483699,LGARDN25
483699,LGETKA1
483699,LGRAY23
483699,LHASSEL2
483699,LHIBBER1
483699,LHOLEVI1
483699,LJANBAZ1
483699,LJOHN248
483699,LMELLEN1
483699,LPEREZ4
483699,LPIERC16
483699,LSANZON1
483699,LSAVOY2
483699,LSEWARD2
483699,LWILL245
483699,LWOOLLE2
483699,LYEARGI1
483699,MABALLI1
483699,MARRING2
483699,MBADGET1
483699,MBAUBLI3
483699,MBOICE2
483699,MCAPPAD1
483699,MCOLLI24
483699,MCOWLES2
483699,MDENICO1
483699,MDEVANE3
483699,MFRENC12
483699,MFROST7
483699,MGALLA22
483699,MGAMAYA1
483699,MGARBER7
483699,MGILMOR3
483699,MGIPPRI1
483699,MHAHNER1
483699,MHERSHB3
483699,MJACK110
483699,MJONE312
483699,MKAMMER2
483699,MKRESSL1
483699,MLAVACK1
483699,MMILL180
483699,MMORGA47
483699,MOJO2
483699,MOROURK5
483699,MPEREZ46
483699,MPORTER5
483699,MROBE113
483699,MROWE16
483699,MRYAN67
483699,MSAINTF1
483699,MSCANL10
483699,MSCHUTZ3
483699,MSHERIF2
483699,MSMIT365
483699,MSPEAR7
483699,MSPECTO6
483699,MSTEWA39
483699,MSUPP1
483699,MTORBER1
483699,MVALENC9
483699,MWEISS2
483699,MWESTE11
483699,MWILL301
483699,MYAZDI1
483699,MZIEGL13
483699,NABDELN1
483699,NBEHLER1
483699,NBONAPA1
483699,NCRAWFO5
483699,NDEVOS1
483699,NECOTT1
483699,NHUDAK1
483699,NJIMENE9
483699,NKELLEY7
483699,NRAHMA12
483699,NSANTAR1
483699,NSYBERT1
483699,NYOUNG22
483699,OOTOOLE1
483699,OOYELEY1
483699,OSAILLE1
483699,OSHOOP1
483699,PBHATIA2
483699,PBROWN79
483699,PCOSTAB1
483699,PGOLDEN4
483699,PHALL1
483699,PHENEBE1
483699,PKATZ4
483699,PKRUMMA1
483699,PMASSAR1
483699,PRAY7
483699,PTAYLO47
483699,PTOUSSA1
483699,RAPPLEY1
483699,RBORZAT1
483699,RBOWER10
483699,RCOX34
483699,RFOREMA5
483699,RGUTHRI3
483699,RHAUPTM1
483699,RHILLIE1
483699,RKING57
483699,RMCNALL2
483699,RMILLS14
483699,RNELSO43
483699,ROBRIE17
483699,RRAMOS10
483699,RSHAPI23
483699,RSKLOVS1
483699,RSPECK4
483699,RTOLBER2
483699,RTORMOL1
483699,RUNDERW6
483699,RVANN4
483699,RVELTRI2
483699,RVIELAN1
483699,RWHEEL14
483699,RWILL196
483699,SALAYOL1
483699,SANDE137
483699,SBAMBER2
483699,SBARSKI1
483699,SBLANN1
483699,SBURT7
483699,SBURTO24
483699,SCITRAN1
483699,SCLOUSE1
483699,SCOSBY5
483699,SDAVIS78
483699,SDEMPSH1
483699,SDIAZ11
483699,SGARZIO1
483699,SGRAHA36
483699,SHERNDO5
483699,SHILDEB1
483699,SHOLLA16
483699,SHOOKER3
483699,SJACOB45
483699,SJAMES36
483699,SJEDNOR1
483699,SJONE283
483699,SJUEHRS1
483699,SLAMB11
483699,SMACLEA2
483699,SMALLOY5
483699,SMARSDE1
483699,SMATANI1
483699,SMCKINN8
483699,SMCKNEW1
483699,SMCQUEE6
483699,SMORGEN2
483699,SNEWMA23
483699,SNOBLE10
483699,SRINGST1
483699,SSHETTE1
483699,SSHULTS1
483699,SSMIT265
483699,SSMIT378
483699,SSWOPE3
483699,STOPPER3
483699,SWALDEN3
483699,SWARCZY1
483699,SWITMER2
483699,SYOUNG55
483699,TANDER41
483699,TBARBAL1
483699,TEBRON1
483699,TFEAGA1
483699,TGEORG16
483699,THOBBS8
483699,TJACK156
483699,TLOBDEL1
483699,TMOORES1
483699,TMURRY1
483699,TNICHO25
483699,TRUSKO1
483699,TRYNN1
483699,TSADOWS1
483699,TSARTOR1
483699,TSHIRES1
483699,TTAN10
483699,TTAYL102
483699,TTILLMA8
483699,TWALDMA3
483699,TWEATHE4
483699,TZIEGEL1
483699,VDILLAR1
483699,VGOURLE1
483699,VMAGAND1
483699,VNEWMAN3
483699,VPARKIN1
483699,VPHILLI4
483699,VPRICE5
483699,VRABER1
483699,VSNYDER1
483699,VWILDER1
483699,WKO4
483699,WMATTHE6
483699,YPAEK1
483699,ZLAZARU1
483699,ZPERALT1
692948,CMANLEY2
692948,LMCFARL5
835678,AARONS2
835678,ASINGH63
835678,MATWOOD4
835678,SWEEMS2
884224,DSONNYL1
884224,LMASSAR1
884224,MMUHAMM1
884224,MPOLYDE1
884224,NROSS14
884224,RANELLO1
884224,VCOAD1
902361,APERRIP1
902361,BVANMET2
902361,CGAMBIL1
902361,EAHMED7
902361,EMORALE3
902361,ENI1
902361,FPORTOC1
902361,HKIM305
902361,JCASTE12
902361,JRABB1
902361,JRAMOS17
902361,KDEOL2
902361,KGUSMAN1
902361,LMARSH26
902361,LROMER12
902361,MBLACKB7
902361,MCASANO4
902361,MIBRAH28
902361,MMCCAST1
902361,MRICHA95
902361,MWADE19
902361,NFRAZIE9
902361,NGRILLE1
902361,PYOUNG21
902361,RFOGLE2
902361,RLAZO2
902361,RMARTOR2
902361,SBLACK31
902361,SHUYNH5
902361,SSHAIK14
902361,SSTOKE25
902361,TBROW224
902361,THARR147
902361,TSCURRY5
902361,TSMIT222
902361,ZCELEY1
1305047,AGORDO41
1305047,ANINO2
1305047,APENARR1
1305047,ASHAHID2
1305047,ASTEPH28
1305047,BROBIN51
1305047,BTHORNT6
1305047,CFAUNTL2
1305047,CMCCORV3
1305047,CNOBLEC1
1305047,DASKEW1
1305047,DSANTIA7
1305047,DSTRATF1
1305047,DYOUNG5
1305047,EGARFIE2
1305047,GMARASC1
1305047,JCEBALL2
1305047,JDARBY2
1305047,JSIMMS15
1305047,JSKOLNI1
1305047,KCOON1
1305047,LSMIT255
1305047,LWHITEH6
1305047,MKEARNE9
1305047,MMYERS64
1305047,NSLACK2
1305047,NWHITTA1
1305047,OJUTTIE1
1305047,RWATTIE3
1305047,SBROW111
1305047,SHENAO1
1305047,SLEYS2
1305047,SSMIT346
1305047,THOLLID3
1305047,TTORBIT1
1443367,ACHEN81
1443367,AJALLOH7
1443367,ANYAME1
1443367,AROBIN2
1443367,ASHABBI1
1443367,AUWADIA1
1443367,BBROWN19
1443367,BJUDY1
1443367,BLYMAN2
1443367,BYOUNIS1
1443367,CCAMERO9
1443367,CFIELDS4
1443367,CKIRUTH1
1443367,CLIANG20
1443367,CNJONKO1
1443367,DALVARE1
1443367,DFRIEMA1
1443367,DTHAPA5
1443367,ERAY9
1443367,FANOKWU1
1443367,FBENIES1
1443367,FMORGAN6
1443367,FMOTE1
1443367,GDERISS1
1443367,GHASSAB1
1443367,HGIRMA1
1443367,JCHIOLI1
1443367,JLOWMAN1
1443367,JWALTE51
1443367,KADEJUM1
1443367,KBERRY19
1443367,KHARRI88
1443367,KSPOELH1
1443367,LANDER92
1443367,LTRZECI1
1443367,MBASTIO1
1443367,MBEAUCH8
1443367,MCARDON8
1443367,MMILLAN3
1443367,MMINOT3
1443367,MNDAYIS1
1443367,MSABIR1
1443367,MSAHADE1
1443367,MTERREL1
1443367,MUDDIN10
1443367,NKIRBY2
1443367,NMILLE54
1443367,NVARSHN3
1443367,OBARKHO1
1443367,OBERGER2
1443367,OEKUNDA3
1443367,PORTIZ1
1443367,RAMIN9
1443367,RBECKHA1
1443367,RBORIS1
1443367,RJONE108
1443367,RVILLAN3
1443367,SCHANG48
1443367,SELGEND1
1443367,SHOLME41
1443367,SMUSUNU1
1443367,TABLE1
1443367,TBADAR1
1443367,TDAMON1
1443367,TPOWEL35
1443367,VIGWACH1
1443367,YWANG489
1505085,AGABRI10
1505085,ALEONA21
1505085,BMCGOWA5
1505085,CJOSEY1
1505085,CSMIT240
1505085,DHERNA33
1505085,EJOHN202
1505085,EWOHL1
1505085,JCASTE12
1505085,JGADDIS3
1505085,JNELSO79
1505085,KDELACR5
1505085,MJALILI1
1505085,NWILL110
1505085,RLAZO2
1505085,SHERAVI1
1505085,SMAYS6
1505085,TOLIVE17
1510472,CCOOK39
1510472,CGAVIN2
1510472,CGOODM19
1510472,DLONG6
1510472,KHARR130
1510472,LWHEATL4
1510472,SMYERS36
1510472,TTUNSTA5
1562961,JDINGES2
1562961,TALTALI1
1623251,AGABRI10
1623251,ALEONA21
1623251,AWHISKE1
1623251,BKROPPM1
1623251,BMCGOWA5
1623251,BORTIZA1
1623251,BSTEICH1
1623251,CJOSEY1
1623251,CSMIT240
1623251,DHERNA33
1623251,EJOHN202
1623251,ESTEPHE3
1623251,HHAAS1
1623251,ICORDOV1
1623251,JCASTE12
1623251,JGADDIS3
1623251,JNELSO79
1623251,KDELACR5
1623251,MSINKIA1
1623251,MTOMAN2
1623251,NWILL110
1623251,OGALDAM1
1623251,PMCCORR1
1623251,PTAYLO32
1623251,RLAZO2
1623251,SHERAVI1
1623251,SMAYS6
1623251,TOLIVE17
1658521,ABURNS26
1658521,AKING86
1658521,AORANUS1
1658521,DGHEE3
1658521,IMARIAM1
1658521,JGOLPHI1
1658521,JLEE782
1658521,KAIKINS1
1658521,KTISDAL2
1658521,LLANKFO1
1658521,MJOHN280
1701060,AGABRI10
1701060,ALEONA21
1701060,AWHISKE1
1701060,BKROPPM1
1701060,BMCGOWA5
1701060,BORTIZA1
1701060,BSTEICH1
1701060,CJOSEY1
1701060,CSMIT240
1701060,DHERNA33
1701060,EJOHN202
1701060,HHAAS1
1701060,JCASTE12
1701060,JCLAR116
1701060,JGADDIS3
1701060,JNELSO79
1701060,KDELACR5
1701060,LGADISO1
1701060,LROMER12
1701060,MSINKIA1
1701060,MTOMAN2
1701060,NSHOFF1
1701060,NWILL110
1701060,OGALDAM1
1701060,PTAYLO32
1701060,RLAZO2
1701060,SHERAVI1
1701060,SMAYS6
1701060,STEW1
1701060,TOLIVE17
1701060,TSCHECK1
1712560,CBROWNT1
1712560,CJOSEY1
1712560,CSMIT240
1712560,JNELSO79
1720209,AGABRI10
1720209,ALEONA21
1720209,AWHISKE1
1720209,BMCGOWA5
1720209,BORTIZA1
1720209,CBROWNT1
1720209,CJOSEY1
1720209,CSMIT240
1720209,DHERNA33
1720209,EJOHN202
1720209,ICORDOV1
1720209,JCASTE12
1720209,JCLAR116
1720209,JGADDIS3
1720209,JNELSO79
1720209,KDELACR5
1720209,LROMER12
1720209,MSINKIA1
1720209,MTOMAN2
1720209,NWILL110
1720209,PMCGRAD1
1720209,PTAYLO32
1720209,RLAZO2
1720209,SCARPEN2
1720209,SHERAVI1
1720209,SMAYS6
1720209,STEW1
1720209,TOLIVE17
1753796,AARONS2
1753796,ASINGH63
1753796,BPRESTO3
1753796,CMORROW3
1753796,JSHIFFL1
1753796,SWEEMS2
1754775,AGORDO41
1754775,ANINO2
1754775,APENARR1
1754775,ASHAHID2
1754775,ASTEPH28
1754775,BROBIN51
1754775,BTHORNT6
1754775,CBAKER58
1754775,CFAUNTL2
1754775,CMCCORV3
1754775,CNOBLEC1
1754775,CPRADO1
1754775,DHALBON1
1754775,DSANTIA7
1754775,DSTRATF1
1754775,DTADESS1
1754775,DYOUNG5
1754775,EGARFIE2
1754775,EVARGO1
1754775,GMARASC1
1754775,JCEBALL2
1754775,JDARBY2
1754775,JSIMMS15
1754775,JSKOLNI1
1754775,KCOON1
1754775,LROUNDT2
1754775,LSMIT255
1754775,LWHITEH6
1754775,MKEARNE9
1754775,MMYERS64
1754775,NSLACK2
1754775,NWHITTA1
1754775,OJUTTIE1
1754775,RWATTIE3
1754775,SLEYS2
1754775,SSMIT346
1754775,THOLLID3
1754775,TTORBIT1
1754775,VKIM14
1812390,FKIDWEL1
1812390,HCOLEMA6
1825809,AGABRI10
1825809,ALEONA21
1825809,BMCGOWA5
1825809,BORTIZA1
1825809,CBROWNT1
1825809,CJOSEY1
1825809,CSMIT240
1825809,DHERNA33
1825809,EJOHN202
1825809,ESTEPHE3
1825809,JCASTE12
1825809,JCLAR116
1825809,JGADDIS3
1825809,JNELSO79
1825809,JPASCUA3
1825809,KDELACR5
1825809,KSPILLA4
1825809,LHORNIS1
1825809,LROMER12
1825809,LTORRE17
1825809,MSINKIA1
1825809,MTOMAN2
1825809,NWILL110
1825809,OGALDAM1
1825809,PTAYLO32
1825809,RLAZO2
1825809,SCARPEN2
1825809,SGAMERM1
1825809,SHERAVI1
1825809,SMAYS6
1825809,TMESSER1
1825809,TOLIVE17
1825809,TSCHECK1
1908587,CPOOLE16
1908587,JCANCEL1
1908587,KTHOMP83
1908587,MWARMAN2
1908587,NWILSO45
1908587,SMORONT1
2096940,HKINGSL2
2096940,JPACHEC1
2231318,CBROWNT1
2231318,ESTEPHE3
2231318,TSCHECK1
2353332,BBROW117
2353332,CBEALE2
2353332,KCOKERT1
2353332,LABRAM14
2353332,LHAMIL25
2353332,LPERDUE1
2353332,MLEONA18
2353332,NTAYLO30
2353332,RSHOCKE1
2353332,TRICE18
2537427,ACHAMPM1
2537427,BVANMET2
2537427,DBRYAN14
2537427,DFLEISC6
2537427,DHERNA33
2537427,DWRIGH66
2537427,ECHACON2
2537427,EJOHN202
2537427,HHAAS1
2537427,HKIM305
2537427,ICORDOV1
2537427,IDOGAN1
2537427,JBAKSHI3
2537427,JCASTE12
2537427,JDAVI268
2537427,JNELSO79
2537427,JZUNCA1
2537427,KFLORE11
2537427,KTAYL107
2537427,KVASAVA1
2537427,LCANAVA1
2537427,LMARSH26
2537427,LROMER12
2537427,MALEJAN6
2537427,MALFARO2
2537427,MPINDER1
2537427,MREICHE5
2537427,MSIMION1
2537427,MSMIT419
2537427,PFRANCI6
2537427,RLAZO2
2537427,RWRIGH64
2537427,SBUZALS1
2537427,SCAMPOS2
2537427,SHARDY13
2537427,TDANIE21
2537427,TOLIVE17
2537427,WBLACKM1
2537427,YBARBER2
2537427,ZACUNA1
2599309,BHAWKI12
2599309,HHAAS1
2599309,HHARRIS2
2599309,JCLAR116
2599309,JWEBB15
2599309,KBROW157
2599309,KPARKE52
2599309,KREYNO32
2599309,KSPILLA4
2599309,LOHLIS1
2599309,LSNYDE21
2599309,MMENDEZ5
2599309,NSHOFF1
2599309,PMCGRAD1
2599309,SCHAN46
2599309,SFLOWER6
2599309,SMALASK1
2599309,SSTOKE25
2599309,TFOWLER2
2599309,THACUND1
2599309,VMILLER2
2599309,VSMITH48
2599309,WTAM2
2810372,JMCCAR29
2810372,SMALASK1
2896819,AGARNE11
2896819,AHARRYM1
2896819,ALEE50
2896819,AMCCAL11
2896819,AUDDIN3
2896819,CPOOLE16
2896819,DKENNE19
2896819,EVILLAN6
2896819,JCOMARO1
2896819,KBLACKH1
2896819,KMCALLI9
2896819,KTHOMP83
2896819,KTHOMP97
2896819,LHOLME18
2896819,MFREEM28
2896819,NBAZEMO3
2896819,NBENN1
2896819,NNINA1
2896819,NWILSO45
2896819,SMAYS5
2896819,TSTEPH13
2896819,TYILMA1
2896819,YMATEO2
3104331,AETHRID2
3104331,BKILONZ2
3104331,CALLEYN2
3104331,CGILLIS3
3104331,EGALAN1
3104331,JPERRY60
3104331,RALEX1
3104331,RMARK1
3104331,SGRIFF19
3104331,TGREEN40
3104331,TLEWIS65
3167877,ADIAMON6
3167877,AHARDY14
3167877,ALEE85
3167877,AMART105
3167877,AMEWBOR2
3167877,BCARTER5
3167877,BCOMPTO2
3167877,CKEATIN3
3167877,CMGODI1
3167877,CSHANNE1
3167877,DBRINN1
3167877,DSPRUIL1
3167877,EBAUER6
3167877,EZAZA1
3167877,GOYSON1
3167877,JPEGUER1
3167877,JSMIT570
3167877,KBYRD23
3167877,KTALBER1
3167877,LAMY2
3167877,LBELLO2
3167877,LJONES10
3167877,MMCDONN6
3167877,OVEADER1
3167877,PMGBOJI1
3167877,REVANS39
3167877,RWILLIA7
3167877,SHARR109
3167877,SHUGHE15
3167877,TBARNE14
3167877,TREDFER3
3167877,VRAMPER1
3168790,JDREXLE1
3168790,KSUPRIK1
3168790,MJOHN147
3168790,SWILLI95
3168790,TETZEL1
3245919,AHARRYM1
3245919,CPOOLE16
3245919,KTHOMP83
3245919,KTHOMP97
3245919,MJOHN382
3245919,SMORONT1
3255989,ENI1
3255989,JCASTE12
3255989,JRAMOS17
3255989,KGUSMAN1
3255989,KYARBRO6
3255989,LROMER12
3255989,MCASANO4
3255989,MMCCAST1
3255989,RFOGLE2
3255989,RLAZO2
3255989,SSTOKE25
3295453,AGIRE1
3295453,ARAMOS16
3295453,CSANDOV4
3295453,CZEMSKY1
3295453,DKIM239
3295453,EKENNER1
3295453,FYAMOAH1
3295453,KFUNARI1
3295453,KRIOS2
3295453,LDOWNER3
3295453,LPEREZ16
3295453,LSOSA2
3295453,MCHANG56
3295453,MROBINE4
3295453,NVILLAT1
3295453,PCHEN59
3295453,RTHAKER2
3295453,SCHEN263
3295453,SHICKS24
3295453,SUDDIN7
3295453,VCLAYTO2
3601981,SMORONT1
3601981,YGONZAL7
3641103,AAGUADO1
3641103,ACONFOR1
3641103,AGREGO10
3641103,ARODRI98
3641103,BBAIGOR1
3641103,CFRANC18
3641103,CRONDOL1
3641103,DDICKEN4
3641103,DJONE154
3641103,DMIR2
3641103,DTAYLO97
3641103,DYIM1
3641103,JCAVALE1
3641103,JCOOK64
3641103,JDEAN29
3641103,JKATECH1
3641103,JKNIGH15
3641103,JKOSHAI1
3641103,JPECORI1
3641103,JTURNIL1
3641103,KHARREL3
3641103,KMEADOW9
3641103,LCORESS1
3641103,LHAFFNE1
3641103,LMASON17
3641103,MCOLLAR5
3641103,MMAYO9
3641103,MPRAY3
3641103,MSIMINS1
3641103,MWALKE63
3641103,NDEAN4
3641103,NMERCAD2
3641103,OPASISH1
3641103,PHERLAN1
3641103,PTAYLO44
3641103,SBUFFIN3
3641103,SDENNI19
3641103,SHADLEY3
3641103,SMITCHE7
3641103,SUNDERW2
3641103,VCIMINE1
3641103,WWANG144
3641103,YCHONG7
3646268,ADUNCA25
3646268,DWOODAR3
3661963,AHAMIL12
3661963,BPALME20
3661963,CHENRY24
3661963,CKOK1
3661963,KWILLIA8
3661963,MKERNEY1
3661963,SBOHART1
3661963,SFOWLE20
3765292,JSCHMI55
3765292,KSEIDLE1
3766878,AFERNA27
3766878,AFIGUER1
3766878,APATEL83
3766878,ARODRI98
3766878,AVARUGH1
3766878,BBAIGOR1
3766878,CFRANC18
3766878,CRONDOL1
3766878,DCLENDE4
3766878,DDENNIS7
3766878,DMIR2
3766878,DTAYLO97
3766878,DYIM1
3766878,GRODRI10
3766878,JCOOK64
3766878,JDOLAN4
3766878,JKATECH1
3766878,JPECORI1
3766878,JSAMUE18
3766878,KGROGAN1
3766878,KMEADOW9
3766878,LCORESS1
3766878,LVIOLA1
3766878,LZAMORA1
3766878,MCOLLAR5
3766878,MPRAY3
3766878,MWALKE63
3766878,NMERCAD2
3766878,PHERLAN1
3766878,PTAYLO44
3766878,RELLIOT4
3766878,SBUFFIN3
3766878,SMITCHE7
3766878,SUNDERW2
3766878,TDAHILL1
3766878,VCIMINE1
3766878,VKARTHA1
3840218,AARONS2
3840218,ASINGH63
3840218,BPRESTO3
3840218,CMACHUA1
3840218,JSHIFFL1
3840218,KREHMAN1
3840218,PROSENB9
3840218,SWEEMS2
3846060,DMARSH27
3846060,KSIMMS6
3900958,DNORTH1
3900958,SNORRIS1
4169760,NADAMES1
4169760,SCASEY10
4169760,SGRAVE22
4288778,BBROW117
4288778,KCOKERT1
4288778,LHAMIL25
4288778,NTAYLO30
4288778,RSHOCKE1
4466296,CREBHOL2
4466296,IALLEN10
4563129,AMCDOUG4
4563129,NADAMES1
4563129,SCASEY10
4572178,BKRISH1
4572178,DTE1
4572178,ETURNER3
4572178,GORNER1
4572178,HRAYAZ1
4572178,KJAREMK1
4572178,KNIKOLI1
4572178,LCHIN7
4572178,MANICOC1
4572178,MLO13
4572178,MMENDOZ9
4572178,PBULACA1
4572178,RSHECHT1
4572178,TGAREY1
4572178,VMATHUR1
4572178,YDELACR1
4579105,BHAWKI12
4579105,BVANMET2
4579105,GXU7
4579105,HHAAS1
4579105,HHARRIS2
4579105,JHILTY2
4579105,JWEBB15
4579105,KBROW157
4579105,KPARKE52
4579105,KREYNO32
4579105,KSPILLA4
4579105,LOHLIS1
4579105,LSNYDE21
4579105,MMENDEZ5
4579105,NSHOFF1
4579105,PMCGRAD1
4579105,SCHAN46
4579105,SFLOWER6
4579105,SMALASK1
4579105,SSTOKE25
4579105,TFOWLER2
4579105,THACUND1
4579105,VMILLER2
4579105,VSMITH48
4579793,JTRENTC1
4579793,SMORONT1
4696160,ABALL14
4696160,APATE166
4696160,CHALL99
4696160,CPAIGE2
4696160,CSMIT378
4696160,CWRIGH34
4696160,DBROW241
4696160,DDESANT4
4696160,DSHOEMA5
4696160,EFRIERS2
4696160,EGLENDE1
4696160,ESTEWA22
4696160,JBUTLE65
4696160,JMOOR157
4696160,KDINATA1
4696160,KKNIGH17
4696160,KRUFFIN7
4696160,KSUPROC1
4696160,MBAKER66
4696160,MSHAPI30
4696160,PBATE1
4696160,RBANKS15
4696160,RHATALL1
4696160,SBROOK68
4696160,SDUPREE3
4696160,SHAVICE1
4696160,SMAJOR4
4696160,TCARLIL1
4696160,TGOODYE1
4776419,AOSUNTO1
4776419,AUDENWA1
4776419,AWATSO27
4776419,EWILL112
4776419,KHARR113
4776419,LROBER64
4776419,MCONTRE2
4776419,PGILES2
4776419,RZAMORA4
4776419,TCHANG39
4776419,VSTREEB1
4860326,ACOOPE59
4860326,ADIAMON6
4860326,AHARDY14
4860326,AJOHN428
4860326,ALIGGON1
4860326,AMARQU10
4860326,AMART105
4860326,AMATAS1
4860326,AODURO1
4860326,AZERFOS1
4860326,BBLAKE8
4860326,BCOMPTO2
4860326,BDAWODU1
4860326,BEDWAR53
4860326,BSHERER1
4860326,BSTILES1
4860326,CCHOI35
4860326,CCOLLI74
4860326,CKEATIN3
4860326,CTANG25
4860326,DASIKE1
4860326,DBRINN1
4860326,DCHAPMA7
4860326,DJENKI24
4860326,DLAWSO20
4860326,DSMOOT4
4860326,DSYLVES3
4860326,EBAUER6
4860326,EVASILA1
4860326,FONUOHA1
4860326,GORNER1
4860326,HDAWLEY1
4860326,HKHAN21
4860326,IVILLAN1
4860326,JKATCOF1
4860326,JMESA1
4860326,JPEGUER1
4860326,JSANCH29
4860326,KBROSAS1
4860326,KBUDAVA1
4860326,KCROCK10
4860326,KHARR126
4860326,KHENKE2
4860326,KPOWEL27
4860326,LALVARE5
4860326,LBELLO2
4860326,LBIAGIO2
4860326,LJONES10
4860326,LLOMAX5
4860326,LTRZECI1
4860326,LTUBMAN2
4860326,LWAFO1
4860326,LWRIGH56
4860326,MALSHAK1
4860326,MBEDNAR2
4860326,MCOLLAR1
4860326,MCOOK34
4860326,MEMADI1
4860326,MMENDIO2
4860326,MSANTIA1
4860326,MSHABAZ4
4860326,MSHAPIN1
4860326,MTSAKIR2
4860326,OOKOME1
4860326,OVEADER1
4860326,PMGBOJI1
4860326,RBANKS12
4860326,RGREEN59
4860326,RHUETT1
4860326,RWHISLE2
4860326,RWILLIA7
4860326,SDICKEN6
4860326,SHUGHE15
4860326,SRAHIMI3
4860326,SWHITIN5
4860326,SWILL282
4860326,THARR146
4860326,TREDFER3
4860326,TTRUITT1
4860326,VFUNG2
4860326,VRAMPER1
4860326,ZKOOSEJ1
4866589,ABURNS26
4866589,AJACOB26
4866589,AKING86
4866589,AORANUS1
4866589,ASEMMA1
4866589,BSAVAGE5
4866589,CSMIT205
4866589,DGHEE3
4866589,DMUNGO2
4866589,EBARANY1
4866589,EKIM160
4866589,ETAMFU1
4866589,GLEE39
4866589,HPHAM26
4866589,JGOLPHI1
4866589,JLEE469
4866589,JPATEL35
4866589,KBRACE3
4866589,LBECKE16
4866589,LLANKFO1
4866589,MJOHN280
4866589,NCURTIS4
4866589,NNGUYE32
4866589,PJACOB12
4866589,PJOHN8
4866589,RVENTUR5
4866589,RWENG2
4866589,SKIM418
4866589,SPATEL99
4866589,SPATIL9
4866589,THUMBUR1
4866589,TPEDONE1
4866589,VBUI5
4994292,ABROW219
4994292,AHYDE5
4994292,BHOUSE4
4994292,BJONES89
4994292,BMERRIC3
4994292,CENGLI14
4994292,CGRIEB1
4994292,CQUEVIS1
4994292,DPATTE33
4994292,KBOAS1
4994292,KKOMIN1
4994292,KSCOTT39
4994292,LCOX10
4994292,LWOODEN1
4994292,MLIBERC1
4994292,MWAHAB1
4994292,NGOLDSO1
4994292,RMATHE17
4994292,TGREEN16
4994292,TLOVETT2
4994292,TTHOMA69
4994292,TWALKE53
5056012,AKEENEY4
5056012,SBLASH1
5077518,KKOMIN1
5077518,KKOMIN2
5089105,ARAMOS16
5089105,CSANDOV4
5089105,CZEMSKY1
5089105,DKIM239
5089105,FYAMOAH1
5089105,KRIOS2
5089105,LDOWNER3
5089105,LPEREZ16
5089105,LSOSA2
5089105,MROBINE4
5089105,NVILLAT1
5089105,RTHAKER2
5089105,SHICKS24
5089105,SUDDIN7
5089105,VCLAYTO2
5140136,CMCFAR13
5140136,NMARSHA6
5241906,CCHOONG1
5241906,CCOOK39
5241906,CGAVIN2
5241906,CGOODM19
5241906,JHEINEM1
5241906,KHARR130
5241906,SMYERS36
5241906,YAKHTAR1
5341859,AADAMS41
5341859,DROYAL2
5341859,GGRIER3
5341859,GKAUR6
5341859,HCOHEN24
5341859,JTAYL210
5341859,JTHEODO6
5341859,KPOLLEY3
5341859,LLUCAS1
5341859,LSCHUL10
5341859,MTURNBA1
5341859,TJACKS90
5341859,TMORTO10
5341859,TSMIT181
5342153,AABOUSA1
5342153,ABROW298
5342153,ADWARIC1
5342153,ALIEVER2
5342153,AMABRY2
5342153,ASTAKIE1
5342153,DHUDSO10
5342153,GVALDEZ2
5342153,JMCDOWI1
5342153,KBESECE1
5342153,LCROSBY3
5342153,MAKINBO1
5342153,MHILL77
5342153,MTHOMP97
5342153,NHOWE3
5342153,RSOMERV3
5342153,SBLOCKI1
5342153,SBOWIE3
5342153,SGIRGIS1
5342153,SHENAO1
5342153,SMACH2
5342153,SWHYE1
5342153,TMOULDE1
5342153,TSHAWBL1
5342153,TWOOD7
5345866,AABOUSA1
5345866,ABROW298
5345866,ASTAKIE1
5345866,DHUDSO10
5345866,KBESECE1
5345866,MHILL77
5345866,MTHOMP97
5345866,NHOWE3
5345866,SBLOCKI1
5345866,TMOULDE1
5375268,AUDENWA1
5375268,TKIDANE2
5484976,HKINGSL2
5484976,TLEE68
5636271,ABOND11
5636271,ABURREL5
5636271,ABUSTOS2
5636271,ACOOK34
5636271,AHAIS1
5636271,AHESSEL3
5636271,AORTIZ8
5636271,ASINGH63
5636271,BCLOWNE1
5636271,BDAVI116
5636271,BPARKE28
5636271,CLEAVIT1
5636271,CLEE262
5636271,DJENKI23
5636271,DMAREYA1
5636271,DMUELLE1
5636271,DREYNO19
5636271,DSINGL17
5636271,DSLAUGH3
5636271,DTAYL128
5636271,GADATSI1
5636271,GPARRAM1
5636271,HSMITH7
5636271,JBRYAN30
5636271,JCASTAN3
5636271,JTATE12
5636271,KKLEMBC1
5636271,KSHAW17
5636271,KVIERA1
5636271,LMATTH14
5636271,LSHEETS1
5636271,MGRACEY5
5636271,MMIX2
5636271,MOAKLEY2
5636271,MWILL193
5636271,PLOESER1
5636271,RSMIT114
5636271,SCAMPB82
5636271,SCHUECO1
5636271,SGAINES1
5636271,SGIRGIS1
5636271,SHENAO1
5636271,SJENKI50
5636271,SMARINE7
5636271,SPORTIL1
5636271,TBANKS15
5636271,TBOYD15
5636271,TCLANTO1
5636271,THARPE14
5636271,THEMSLE1
5636271,TWILL274
5636271,USHAH7
5636271,VDIAZMA1
5636271,YAMADOR1
5715243,HZIEHL1
5715243,IFLORES1
5800444,DROSS46
5800444,TGOLDER1
5800444,XTIANG1
5800444,YWILKES1
5858424,CMCCORV3
5858424,THOLLID3
5927937,AAKERU1
5927937,AAMJAD2
5927937,ABECKE21
5927937,ACHRIS17
5927937,ADSA1
5927937,ADUDDU1
5927937,AILYAS2
5927937,AKHAN161
5927937,AMALLON1
5927937,AMEHTA23
5927937,AMILL190
5927937,AMPANDA1
5927937,ANIAZI2
5927937,ASHAH104
5927937,ASUCHAN1
5927937,ATERZIA2
5927937,BBRYAN15
5927937,BCHURIL1
5927937,BPOKHAR1
5927937,CAHLBER1
5927937,CKIRUTH1
5927937,CMCLEA16
5927937,CWU99
5927937,DCOUTIN1
5927937,DHURWIT3
5927937,DLI92
5927937,DMASON29
5927937,DMI1
5927937,DSOFFER3
5927937,EFELICI2
5927937,EGARTLA3
5927937,EGELYAN1
5927937,EMOUGHA2
5927937,FHALILU1
5927937,GPATEL7
5927937,HKHAN23
5927937,JCOLON8
5927937,JFARHA1
5927937,JFEEMST1
5927937,JKOLB3
5927937,JMADISO6
5927937,JNISAR1
5927937,JSCHNE60
5927937,JTEJAN1
5927937,KCHAE1
5927937,KCITRO2
5927937,KCOLLI41
5927937,KLIANG14
5927937,KPETER62
5927937,KPOROSN1
5927937,KRHEE7
5927937,KSMIT323
5927937,LCORRIG1
5927937,LLI133
5927937,LMAAS3
5927937,LMALDON4
5927937,LPENN6
5927937,LREYES11
5927937,LROSE16
5927937,LSHAH5
5927937,MABRAH16
5927937,MALI49
5927937,MALLEN86
5927937,MBEJJAN1
5927937,MBRAY11
5927937,MBUTLE59
5927937,MCOLBER3
5927937,MCROW2
5927937,MHANDYJ1
5927937,MHASSA23
5927937,MHUGHE43
5927937,MJONESO1
5927937,MKAUSAL1
5927937,MKEENAN8
5927937,MLANKIE2
5927937,MLIEBE12
5927937,MMCWHIR1
5927937,MMILL251
5927937,MUDAYAP1
5927937,MUMOH3
5927937,NALEXA17
5927937,NBAPAT1
5927937,OAKHIWU1
5927937,OBERNAL1
5927937,PPATE117
5927937,RALLINS1
5927937,RBALASU6
5927937,RBERRIE1
5927937,RBIGLEY1
5927937,RPATE101
5927937,SAHN31
5927937,SBARNE41
5927937,SBUZZAR1
5927937,SCANTER2
5927937,SGHAZIK1
5927937,SKANG72
5927937,SMAHAPA4
5927937,SPAGANL1
5927937,SRUSSE48
5927937,SWALSER1
5927937,THARVEY2
5927937,TPHIRI1
5927937,TWISE10
5927937,VALTIER1
5927937,VHARISH2
5927937,YEIDENS1
5927937,ZLORENZ1
5929670,AANTAR2
5929670,ADSA1
5929670,AGORE4
5929670,AMPANDA1
5929670,ASAFONO1
5929670,ASEVERI1
5929670,ASHAH104
5929670,ASUCHAN1
5929670,ATERZIA2
5929670,AWILSO56
5929670,BBRYAN15
5929670,BCHURIL1
5929670,BJOHN134
5929670,BKAMINS5
5929670,CKERSBE1
5929670,CLOPEZS1
5929670,CMCLEA16
5929670,CWU99
5929670,CYANG90
5929670,DAGRAWA4
5929670,DHURWIT3
5929670,DLI92
5929670,DMANOHA1
5929670,DMASON29
5929670,DMI1
5929670,DTHOM151
5929670,EFAJILA1
5929670,EGAO4
5929670,EGARTLA3
5929670,EGELYAN1
5929670,EMOUGHA2
5929670,EOBIOKO1
5929670,ERIZK2
5929670,FBEKHEE1
5929670,IKARAND1
5929670,INELSON4
5929670,JCOHEN92
5929670,JDOYLE25
5929670,JFARHA1
5929670,JFEEMST1
5929670,JMALWAN1
5929670,JMAURER1
5929670,JROLLAN1
5929670,JSCHNE60
5929670,JTINKLE1
5929670,JTSAI27
5929670,JZIRPOL1
5929670,KCACERE1
5929670,KCHAE1
5929670,KHADDOC2
5929670,KKNOWLE4
5929670,KLEVENB2
5929670,KLIANG14
5929670,KPARK29
5929670,KSMIT323
5929670,LCORRIG1
5929670,LDIAZAR1
5929670,LHITESH1
5929670,LLI133
5929670,LMAAS3
5929670,LMALDON4
5929670,LPEARSO2
5929670,LPENN6
5929670,LROSE16
5929670,MABRAH16
5929670,MBEJJAN1
5929670,MBRAY11
5929670,MBUTLE59
5929670,MCROW2
5929670,MLANKIE2
5929670,MLIZZAP1
5929670,MPARK62
5929670,MRAMIR29
5929670,MRANDAL8
5929670,MUDAYAP1
5929670,MUMOH3
5929670,NALEXA17
5929670,NCAMPIO1
5929670,NENGEL1
5929670,NYUEH1
5929670,OAKHIWU1
5929670,ORAYMON1
5929670,PKING14
5929670,PPATE117
5929670,RBALASU6
5929670,RBERRIE1
5929670,RHAWTHO4
5929670,RKARIM2
5929670,RKHAMIS1
5929670,RPATE101
5929670,RWEST18
5929670,SABU1
5929670,SADDISS1
5929670,SBARNE41
5929670,SBHATNA4
5929670,SCANTER2
5929670,SFELS3
5929670,SGHAZIK1
5929670,SGREEN86
5929670,SKANG72
5929670,SKIM411
5929670,SPAGANL1
5929670,SRUSS1
5929670,SSCHARF3
5929670,TDAVILM1
5929670,TSPIKES1
5929670,TSWEENE6
5929670,TWISE10
5929670,UCHOI1
5929670,VALTIER1
5929670,YEIDENS1
5929670,ZKASSIR1
5929670,ZLORENZ1
5959445,ADANFOR2
5959445,CMASSIA2
6064336,LPATTER1
6064336,SALKABI1
6115118,APAYNE14
6115118,CGRALEY1
6115118,CMAULER1
6115118,DCARRO18
6115118,DDAILEY6
6115118,DKELLY4
6115118,KCLARK3
6115118,LWILLI68
6115118,MWHITE2
6115118,RTESSU1
6115118,SHARR184
6115118,SROBI104
6115118,SSMITHB3
6115118,TBURROW1
6115118,TJOHN260
6115118,TJONE172
6115118,TMORRI27
6181048,BHAWKI12
6181048,BVANMET2
6181048,HHARRIS2
6181048,JCLAR116
6181048,JMCCAR29
6181048,JWEBB15
6181048,KBROW157
6181048,KPARKE52
6181048,KREYNO32
6181048,LOHLIS1
6181048,LSNYDE21
6181048,MMENDEZ5
6181048,NSHOFF1
6181048,SCHAN46
6181048,SFLOWER6
6181048,SMALASK1
6181048,SSTOKE25
6181048,TFOWLER2
6181048,THACUND1
6181048,VMILLER2
6181048,VSMITH48
6293791,ABUINWI1
6293791,AWAHABZ1
6293791,CLINDIE1
6293791,FRAHIMP1
6293791,GROUILL1
6293791,JDURAIR2
6293791,KALEMU1
6293791,LSLAUGH2
6293791,MBELAY2
6293791,MLANIER3
6293791,NHAILE1
6293791,PHARRIN6
6293791,SJACOBO2
6294214,ADIANA1
6294214,APOINDE2
6294214,CBROW171
6294214,DSHERID7
6294214,KDAVI212
6294214,KDIAZ6
6294214,KREVELS1
6294214,LGRAY26
6294214,LJOHN157
6294214,LPIETRO2
6294214,LROBILI1
6294214,MCOTE2
6294214,MMCNAL10
6294214,RBISHO10
6294214,SJACKS65
6294214,TBROW203
6294214,TLEMON5
6294214,TMOURIN1
6331709,ABELLIN2
6331709,CPOPOLI1
6331709,IGILLEY1
6331709,JSULLI72
6331709,PCLARK7
6333460,ADIANA1
6333460,APOINDE2
6333460,CBROW171
6333460,DJACKS77
6333460,DSHERID7
6333460,KDAVI212
6333460,KDIAZ6
6333460,KREVELS1
6333460,LFENLON2
6333460,LJOHN157
6333460,LPIETRO2
6333460,LROBILI1
6333460,MBROTHE1
6333460,MCOTE2
6333460,MMCNAL10
6333460,RBISHO10
6333460,SJACKS65
6333460,TLEMON5
6333460,TMOURIN1
6355461,FDELMON1
6355461,MQUIAMB1
6388305,ABANNIS5
6388305,AHUTSON2
6388305,ANGUYE85
6388305,AVONGXA1
6388305,BMERCAD2
6388305,BORTIZA1
6388305,DBARTLE9
6388305,DHERNA33
6388305,DWRIGH66
6388305,EJOHN202
6388305,EJUNG20
6388305,GBOYKIN1
6388305,HKIM305
6388305,HNOH9
6388305,IKUMAR2
6388305,JCASTE12
6388305,JLEE492
6388305,JPASCUA3
6388305,JWEBB15
6388305,KDEOL2
6388305,KPARKE55
6388305,KZEREN1
6388305,LMARSH26
6388305,LROMER12
6388305,MCONTRE2
6388305,MFADUL1
6388305,MTAREEN1
6388305,NMCGOWA1
6388305,PBAILE17
6388305,PFRANCI6
6388305,SCARPEN2
6388305,SHARDY13
6388305,TDANIE21
6388305,WAKBARY1
6409076,MCHRIS31
6409076,NTAYLO16
6443294,AGOLDM15
6443294,CGORMA10
6443620,CARCIDI1
6443620,SWALKE41
